SEO Blog Name,SEO Blog URL
Search Engine Land,https://searchengineland.com/
Kevin Indig,https://www.kevin-indig.com/
SEO by the Sea,http://www.seobythesea.com/
CrazyEgg,http://www.crazyegg.com
ClickMinded,https://www.clickminded.com/digital-marketing-blog/
Cognitive SEO,https://cognitiveseo.com/blog/
Ahrefs,https://ahrefs.com/blog/
Shopify Blog,https://www.shopify.com/blog
SEO Theory,https://www.seo-theory.com/
SEER Interactive,http://www.seerinteractive.com/blog/
Zyro,https://zyro.com/blog/
Local Visibility System,http://www.localvisibilitysystem.com/
HigherVisibility,http://www.highervisibility.com
WooCommerce,https://woocommerce.com/blog/
WP Beginner,https://www.wpbeginner.com/
Hobo SEO,https://www.hobo-web.co.uk/seo-blog/
Niche Pursuits,https://www.nichepursuits.com/
Neil Patel,https://neilpatel.com/blog/
UntalkedSEO,https://untalkedseo.com/
Mangools,https://mangools.com/blog/
Moz,https://moz.com/blog
TLDR Marketing,https://tldrmarketing.com/seo/
GeoLocalSEO,http://www.geolocalseo.com/blog/
Glen Alsopp,https://detailed.com/blog/
Backlinko,https://backlinko.com/blog
Authority Hacker,https://www.authorityhacker.com/blog/
GotchSEO,https://www.gotchseo.com/blog/
SparkToro,https://sparktoro.com/
Clickz,https://www.clickz.com/
Greenlane Marketing,https://www.greenlanemarketing.com/blog/
Last Week in Local,https://localu.org/blog/
BigCommerce,https://www.bigcommerce.com/blog/
Pepper Content,https://www.peppercontent.io/
Brightlocal,https://www.brightlocal.com/insights/blog/
Aleyda Solis,https://www.aleydasolis.com/en/blog/
LocalSEOGuide,http://www.localseoguide.com
Conductor,https://www.conductor.com/blog/
BuzzSumo,http://www.buzzsumo.com
G-Squared Interactive,https://www.gsqi.com/marketing-blog/
BrightEdge,https://www.brightedge.com/blog/
Lion Zeal,https://lionzeal.com/blog/
Onely,https://www.onely.com/blog/
Magento,https://business.adobe.com/blog/
Dejan SEO,https://dejanmarketing.com/blog/
GrowthHackers,http://www.growthhackers.com/
Search Engine Roundtable,http://www.seroundtable.com/
Portent SEO,https://www.portent.com/blog/seo
Search Engine Roundtable,https://www.seroundtable.com/
Orbit Media,https://www.orbitmedia.com/blog/
Content Marketing Institute,https://contentmarketinginstitute.com/blog/
Buzzstream,http://www.buzzstream.com/blog
Search Metrics,https://blog.searchmetrics.com/us/
TopRankBlog,http://www.toprankblog.com
Marketing Land,https://marketingland.com/
John Battelle,http://battellemedia.com/
From The Future,https://ftf.agency/blog/
Google Search Central Blog,https://developers.google.com/search/blog
Web Marketing School,https://webmarketingschool.com/
CopyBlogger,https://www.copyblogger.com/
Marie Haynes,https://www.mariehaynes.com/blog/
Diggity Marketing,https://diggitymarketing.com/blog/
Brodie Clark,https://brodieclark.com/blog/
SEO.com,https://www.seo.com/blog/
Deep Crawl,https://www.deepcrawl.com/
Merj,https://merj.com/digital/blog
BruceClay,https://www.bruceclay.com/
Digital Marketing Depot,https://digitalmarketingdepot.com/
Yoast,https://yoast.com/seo-blog/
Content King Academy,https://www.contentkingapp.com/academy/
QuickSprout,http://www.quicksprout.com
Builtvisible,https://builtvisible.com/blog/
Candour,https://withcandour.co.uk/blog
QuickSprout,https://www.quicksprout.com/
StudioHawk SEO,https://studiohawk.com.au/blog/
SEORoundtable,https://www.seroundtable.com/
SEO Copywriting,http://www.seocopywriting.com/blog/
Raven,https://raventools.com/blog/
BloggersPassion,https://bloggerspassion.com/
RankMath,https://rankmath.com/blog/
Robbie Richards,https://www.robbierichards.com/
Income School,https://incomeschool.com/
GoDaddy Blog,https://www.godaddy.com/garage/
Hobo-Web,https://www.hobo-web.co.uk/
SearchEngineGuide,http://www.searchengineguide.com/
Search Engine Watch,http://searchenginewatch.com/
SEOPlus+,https://www.seoplus.ca/blog/
Detailed Blog,https://detailed.com/blog/
Kissmetrics,http://www.kissmetrics.com/
Think With Google,https://www.thinkwithgoogle.com/
SEMRush,https://www.semrush.com/blog/
State of Digital,https://www.stateofdigital.com/
Tubular Insights,http://www.tubularinsights.com/
SEO Book,http://www.seobook.com/blog
Matthew Woodward,https://www.matthewwoodward.co.uk/
RavenTools,http://www.raventools.com
Glenn Gabe,https://www.gsqi.com/marketing-blog/
Search Engine Journal,https://www.searchenginejournal.com/
Miles Beckler,https://www.milesbeckler.com/
Path Interactive,https://www.pathinteractive.com/blog/
Evolving SEO,http://www.evolvingseo.com/blog/
Kaiser theÂ Sage,https://kaiserthesage.com/
DailySEO,http://dailyseotip.com/
HubSpot,https://blog.hubspot.com/
Chief Marketing Technologist,https://chiefmartec.com
Google Webmaster Central Blog,https://webmasters.googleblog.com/
Searchmetrics,https://www.searchmetrics.com/
Blind Five Year Old,http://www.blindfiveyearold.com/
Local Search Forum,https://localsearchforum.com/
Perficient,https://blogs.perficient.com/
Distilled,https://www.distilled.net/resources/
Brandon Gaille,https://brandongaille.com/
